{"cameraMode":{"drawMode":0,"name":"Shaded","section":"Shading Mode"},"sceneLighting":true,"audioPlay":false,"sceneViewState":{"showFog":true,"showMaterialUpdate":false,"showSkybox":true,"showFlares":true,"showImageEffects":true,"showParticleSystems":true,"showVisualEffectGraphs":true,"m_FxEnabled":true},"in2DMode":false,"pivot":{"x":0.8721786141395569,"y":1.270861268043518,"z":-5.207315444946289},"rotation":{"x":-0.03779587522149086,"y":-0.015890605747699739,"z":0.0006011463701725006,"w":-0.9991589784622192},"size":0.900429904460907,"orthographic":false}