{"cameraMode":{"drawMode":0,"name":"Shaded","section":"Shading Mode"},"sceneLighting":true,"audioPlay":false,"sceneViewState":{"showFog":true,"showMaterialUpdate":false,"showSkybox":true,"showFlares":true,"showImageEffects":true,"showParticleSystems":true,"showVisualEffectGraphs":true,"m_FxEnabled":true},"in2DMode":false,"pivot":{"x":1.1696442365646363,"y":1.7184033393859864,"z":-7.865139961242676},"rotation":{"x":0.00868983194231987,"y":0.009596328251063824,"z":0.0000830050339573063,"w":-0.999917209148407},"size":0.900429904460907,"orthographic":false}