{"cameraMode":{"drawMode":0,"name":"Shaded","section":"Shading Mode"},"sceneLighting":true,"audioPlay":false,"sceneViewState":{"showFog":true,"showMaterialUpdate":false,"showSkybox":true,"showFlares":true,"showImageEffects":true,"showParticleSystems":true,"showVisualEffectGraphs":true,"m_FxEnabled":true},"in2DMode":false,"pivot":{"x":1.2633812427520753,"y":1.8377935886383057,"z":0.1473073959350586},"rotation":{"x":-0.002469483530148864,"y":-0.9975078701972961,"z":0.04522916302084923,"w":-0.054887183010578158},"size":2.621094226837158,"orthographic":false}