{"cameraMode":{"drawMode":0,"name":"Shaded","section":"Shading Mode"},"sceneLighting":true,"audioPlay":false,"sceneViewState":{"showFog":true,"showMaterialUpdate":false,"showSkybox":true,"showFlares":true,"showImageEffects":true,"showParticleSystems":true,"showVisualEffectGraphs":true,"m_FxEnabled":true},"in2DMode":false,"pivot":{"x":0.21348920464515687,"y":1.4783703088760377,"z":-7.244900703430176},"rotation":{"x":-0.007784405257552862,"y":-0.08031414449214935,"z":0.0006268764846026897,"w":-0.9967397451400757},"size":0.8374422192573547,"orthographic":false}