{"cameraMode":{"drawMode":0,"name":"Shaded","section":"Shading Mode"},"sceneLighting":true,"audioPlay":false,"sceneViewState":{"showFog":true,"showMaterialUpdate":false,"showSkybox":true,"showFlares":true,"showImageEffects":true,"showParticleSystems":true,"showVisualEffectGraphs":true,"m_FxEnabled":true},"in2DMode":false,"pivot":{"x":0.630551278591156,"y":1.9359787702560425,"z":10.846726417541504},"rotation":{"x":0.007769316900521517,"y":-0.10308237373828888,"z":0.0008019956876523793,"w":0.9946831464767456},"size":2.621094226837158,"orthographic":false}