{"cameraMode":{"drawMode":0,"name":"Shaded","section":"Shading Mode"},"sceneLighting":true,"audioPlay":false,"sceneViewState":{"showFog":true,"showMaterialUpdate":false,"showSkybox":true,"showFlares":true,"showImageEffects":true,"showParticleSystems":true,"showVisualEffectGraphs":true,"m_FxEnabled":true},"in2DMode":false,"pivot":{"x":1.5836753845214844,"y":1.7014230489730836,"z":-1.805645227432251},"rotation":{"x":0.04727460816502571,"y":0.2038155198097229,"z":-0.009857507422566414,"w":0.9778318405151367},"size":0.666262686252594,"orthographic":false}