{"cameraMode":{"drawMode":0,"name":"Shaded","section":"Shading Mode"},"sceneLighting":true,"audioPlay":false,"sceneViewState":{"showFog":true,"showMaterialUpdate":false,"showSkybox":true,"showFlares":true,"showImageEffects":true,"showParticleSystems":true,"showVisualEffectGraphs":true,"m_FxEnabled":true},"in2DMode":false,"pivot":{"x":1.1989978551864625,"y":1.682227373123169,"z":14.927929878234864},"rotation":{"x":-0.013802998699247837,"y":-0.030821407213807107,"z":0.0004478246555663645,"w":-0.999475359916687},"size":2.621094226837158,"orthographic":false}