{"cameraMode":{"drawMode":0,"name":"Shaded","section":"Shading Mode"},"sceneLighting":true,"audioPlay":false,"sceneViewState":{"showFog":true,"showMaterialUpdate":false,"showSkybox":true,"showFlares":true,"showImageEffects":true,"showParticleSystems":true,"showVisualEffectGraphs":true,"m_FxEnabled":true},"in2DMode":false,"pivot":{"x":0.6455947160720825,"y":1.6041101217269898,"z":-4.8166046142578129},"rotation":{"x":-0.013802998699247837,"y":-0.030821407213807107,"z":0.0004478246555663645,"w":-0.999475359916687},"size":2.621094226837158,"orthographic":false}