{"cameraMode":{"drawMode":0,"name":"Shaded","section":"Shading Mode"},"sceneLighting":true,"audioPlay":false,"sceneViewState":{"showFog":true,"showMaterialUpdate":false,"showSkybox":true,"showFlares":true,"showImageEffects":true,"showParticleSystems":true,"showVisualEffectGraphs":true,"m_FxEnabled":true},"in2DMode":false,"pivot":{"x":1.0180468559265137,"y":0.1545720100402832,"z":19.641632080078126},"rotation":{"x":0.06775902956724167,"y":0.00566554069519043,"z":-0.0003882936725858599,"w":0.9977072477340698},"size":6.062177658081055,"orthographic":false}