{"cameraMode":{"drawMode":0,"name":"Shaded","section":"Shading Mode"},"sceneLighting":true,"audioPlay":false,"sceneViewState":{"showFog":true,"showMaterialUpdate":false,"showSkybox":true,"showFlares":true,"showImageEffects":true,"showParticleSystems":true,"showVisualEffectGraphs":true,"m_FxEnabled":true},"in2DMode":false,"pivot":{"x":5.731182098388672,"y":1.1904115676879883,"z":1.344200611114502},"rotation":{"x":0.056553490459918979,"y":0.8694947361946106,"z":-0.10247045010328293,"w":0.4798741340637207},"size":2.0035431385040285,"orthographic":false}