{"cameraMode":{"drawMode":0,"name":"Shaded","section":"Shading Mode"},"sceneLighting":true,"audioPlay":false,"sceneViewState":{"showFog":true,"showMaterialUpdate":false,"showSkybox":true,"showFlares":true,"showImageEffects":true,"showParticleSystems":true,"showVisualEffectGraphs":true,"m_FxEnabled":true},"in2DMode":false,"pivot":{"x":-0.3954179286956787,"y":1.3660475015640259,"z":12.445659637451172},"rotation":{"x":-0.05605459213256836,"y":0.205231711268425,"z":-0.011783895082771778,"w":-0.9770548343658447},"size":1.4678797721862794,"orthographic":false}