{"cameraMode":{"drawMode":0,"name":"Shaded","section":"Shading Mode"},"sceneLighting":true,"audioPlay":false,"sceneViewState":{"showFog":true,"showMaterialUpdate":false,"showSkybox":true,"showFlares":true,"showImageEffects":true,"showParticleSystems":true,"showVisualEffectGraphs":true,"m_FxEnabled":true},"in2DMode":false,"pivot":{"x":1.3205777406692505,"y":0.8437767028808594,"z":9.737510681152344},"rotation":{"x":0.05205877497792244,"y":-0.064254030585289,"z":-0.0033902584109455349,"w":-0.9966278672218323},"size":1.7678797245025635,"orthographic":false}