{"cameraMode":{"drawMode":0,"name":"Shaded","section":"Shading Mode"},"sceneLighting":true,"audioPlay":false,"sceneViewState":{"showFog":true,"showMaterialUpdate":false,"showSkybox":true,"showFlares":true,"showImageEffects":true,"showParticleSystems":true,"showVisualEffectGraphs":true,"m_FxEnabled":true},"in2DMode":false,"pivot":{"x":0.8123830556869507,"y":1.122524619102478,"z":12.653493881225586},"rotation":{"x":-0.09914710372686386,"y":-0.005929770413786173,"z":0.0005812953459098935,"w":-0.9950734376907349},"size":1.4678797721862794,"orthographic":false}