{"cameraMode":{"drawMode":0,"name":"Shaded","section":"Shading Mode"},"sceneLighting":true,"audioPlay":false,"sceneViewState":{"showFog":true,"showMaterialUpdate":false,"showSkybox":true,"showFlares":true,"showImageEffects":true,"showParticleSystems":true,"showVisualEffectGraphs":true,"m_FxEnabled":true},"in2DMode":false,"pivot":{"x":0.9636475443840027,"y":1.9845572710037232,"z":9.065463066101075},"rotation":{"x":-0.009306077845394612,"y":-0.02063845656812191,"z":0.00015986821381375194,"w":-0.999843418598175},"size":0.8660253882408142,"orthographic":false}