{"cameraMode":{"drawMode":0,"name":"Shaded","section":"Shading Mode"},"sceneLighting":true,"audioPlay":false,"sceneViewState":{"showFog":true,"showMaterialUpdate":false,"showSkybox":true,"showFlares":true,"showImageEffects":true,"showParticleSystems":true,"showVisualEffectGraphs":true,"m_FxEnabled":true},"in2DMode":false,"pivot":{"x":0.10223376750946045,"y":-0.8998002409934998,"z":9.220638275146485},"rotation":{"x":-0.11399192363023758,"y":0.036116018891334537,"z":-0.004133117850869894,"w":-0.9928610920906067},"size":6.062177658081055,"orthographic":false}