{"cameraMode":{"drawMode":0,"name":"Shaded","section":"Shading Mode"},"sceneLighting":true,"audioPlay":false,"sceneViewState":{"showFog":true,"showMaterialUpdate":false,"showSkybox":true,"showFlares":true,"showImageEffects":true,"showParticleSystems":true,"showVisualEffectGraphs":true,"m_FxEnabled":true},"in2DMode":false,"pivot":{"x":0.6961373686790466,"y":1.3799375295639039,"z":7.103165626525879},"rotation":{"x":0.03330026566982269,"y":0.019407300278544427,"z":-0.0006714463233947754,"w":0.9993430972099304},"size":6.062177658081055,"orthographic":false}