{"cameraMode":{"drawMode":0,"name":"Shaded","section":"Shading Mode"},"sceneLighting":true,"audioPlay":false,"sceneViewState":{"showFog":true,"showMaterialUpdate":false,"showSkybox":true,"showFlares":true,"showImageEffects":true,"showParticleSystems":true,"showVisualEffectGraphs":true,"m_FxEnabled":true},"in2DMode":false,"pivot":{"x":0.21355563402175904,"y":1.6654095649719239,"z":-0.400432825088501},"rotation":{"x":0.09600213170051575,"y":-0.05733606591820717,"z":0.005543438717722893,"w":0.9937283992767334},"size":1.555492877960205,"orthographic":false}