{"cameraMode":{"drawMode":0,"name":"Shaded","section":"Shading Mode"},"sceneLighting":true,"audioPlay":false,"sceneViewState":{"showFog":true,"showMaterialUpdate":false,"showSkybox":true,"showFlares":true,"showImageEffects":true,"showParticleSystems":true,"showVisualEffectGraphs":true,"m_FxEnabled":true},"in2DMode":false,"pivot":{"x":-2.1334173679351808,"y":0.6002662181854248,"z":8.662858963012696},"rotation":{"x":0.05997743457555771,"y":-0.09866313636302948,"z":0.005956635810434818,"w":0.9932881593704224},"size":10.306639671325684,"orthographic":false}