{"cameraMode":{"drawMode":0,"name":"Shaded","section":"Shading Mode"},"sceneLighting":true,"audioPlay":false,"sceneViewState":{"showFog":true,"showMaterialUpdate":false,"showSkybox":true,"showFlares":true,"showImageEffects":true,"showParticleSystems":true,"showVisualEffectGraphs":true,"m_FxEnabled":true},"in2DMode":false,"pivot":{"x":-3.285576820373535,"y":0.6792676448822022,"z":5.216650009155273},"rotation":{"x":0.16105134785175324,"y":-0.1551363468170166,"z":0.025674203410744668,"w":0.9743825197219849},"size":1.7678797245025635,"orthographic":false}