{"cameraMode":{"drawMode":0,"name":"Shaded","section":"Shading Mode"},"sceneLighting":true,"audioPlay":false,"sceneViewState":{"showFog":true,"showMaterialUpdate":false,"showSkybox":true,"showFlares":true,"showImageEffects":true,"showParticleSystems":true,"showVisualEffectGraphs":true,"m_FxEnabled":true},"in2DMode":false,"pivot":{"x":-0.030251801013946534,"y":2.0751349925994875,"z":-3.0268259048461916},"rotation":{"x":0.08600407838821411,"y":-0.2989940047264099,"z":0.027179766446352006,"w":0.9500868916511536},"size":0.8434033989906311,"orthographic":false}