{"cameraMode":{"drawMode":0,"name":"Shaded","section":"Shading Mode"},"sceneLighting":true,"audioPlay":false,"sceneViewState":{"showFog":true,"showMaterialUpdate":false,"showSkybox":true,"showFlares":true,"showImageEffects":true,"showParticleSystems":true,"showVisualEffectGraphs":true,"m_FxEnabled":true},"in2DMode":false,"pivot":{"x":-1.0792473554611207,"y":0.06606238335371018,"z":13.665502548217774},"rotation":{"x":0.0706792101264,"y":-0.05286278575658798,"z":0.0034702264238148929,"w":0.9963037371635437},"size":5.015235424041748,"orthographic":false}