{"cameraMode":{"drawMode":0,"name":"Shaded","section":"Shading Mode"},"sceneLighting":true,"audioPlay":false,"sceneViewState":{"showFog":true,"showMaterialUpdate":false,"showSkybox":true,"showFlares":true,"showImageEffects":true,"showParticleSystems":true,"showVisualEffectGraphs":true,"m_FxEnabled":true},"in2DMode":false,"pivot":{"x":1.1431043148040772,"y":1.557724952697754,"z":-4.056575775146484},"rotation":{"x":0.0860787034034729,"y":0.29716646671295168,"z":-0.026910584419965745,"w":0.9505598545074463},"size":0.9554929733276367,"orthographic":false}