{"cameraMode":{"drawMode":0,"name":"Shaded","section":"Shading Mode"},"sceneLighting":false,"audioPlay":false,"sceneViewState":{"showFog":true,"showMaterialUpdate":false,"showSkybox":false,"showFlares":true,"showImageEffects":true,"showParticleSystems":true,"showVisualEffectGraphs":true,"m_FxEnabled":true},"in2DMode":false,"pivot":{"x":-1.2231117486953736,"y":1.3504538536071778,"z":-1.7864631414413453},"rotation":{"x":-0.008683575317263604,"y":0.9774813055992127,"z":-0.2071276158094406,"w":-0.041437793523073199},"size":0.6252050399780273,"orthographic":false}