{"cameraMode":{"drawMode":0,"name":"Shaded","section":"Shading Mode"},"sceneLighting":false,"audioPlay":false,"sceneViewState":{"showFog":true,"showMaterialUpdate":false,"showSkybox":false,"showFlares":true,"showImageEffects":true,"showParticleSystems":true,"showVisualEffectGraphs":true,"m_FxEnabled":true},"in2DMode":false,"pivot":{"x":0.5400209426879883,"y":0.8493161201477051,"z":-8.942068099975586},"rotation":{"x":0.011102288030087948,"y":-0.9873526096343994,"z":0.08045857399702072,"w":0.13622751832008363},"size":1.2357945442199708,"orthographic":false}